{
    "rmse": 0.6877611995445916,
    "mae": 0.5305197546748774,
    "r2": 0.20872910019573643
}