{
    "rmse": 0.6760089095235124,
    "mae": 0.5266227765903003,
    "r2": 0.26746503506722263
}